[
    {
        "name": "Bluestipple Inc.",
        "address": "111 Silvan Drive, Welland, Canada",
        "phone": "(437) 249-5427",
        "website": "http://www.bluestipple.com",
        "image": "bluestipple.jpg",
        "membershipLevel": "Gold",
        "additionalInfo": "Specializes in innovative tech solutions."
    },
    {
        "name": "Microsoft",
        "address": "Redmond, Washington, United States",
        "phone": " 1 (877) 568-2495",
        "website": "https://www.microsoft.com",
        "image": "microsoft.webp",
        "membershipLevel": "Silver",
        "additionalInfo": "IT corporation"
    },
    {
        "name": "Tim Hortons",
        "address": "30 Rice Rd, Welland, ON L3C 5Y6",
        "phone": "(905) 714-0422",
        "website": "https://www.timhortons.ca",
        "image": "timhortons.png",
        "membershipLevel": "Bronze",
        "additionalInfo": "Restaurant chain"
    },
    {
        "name": "Burger King",
        "address": "724 Niagara St, Welland, ON L3C 1M3",
        "phone": "(905) 788-2811",
        "website": "burgerking.ca",
        "image": "burgerking.png",
        "membershipLevel": "Gold",
        "additionalInfo": "Restaurant chain"
    },
    {
        "name": "Walmart",
        "address": "Bentonville, Arkansas, United States",
        "phone": "(905) 735-3500",
        "website": "https://www.walmart.com",
        "image": "walmart.webp",
        "membershipLevel": "Silver",
        "additionalInfo": "Retail company"
    },
    {
        "name": "Canadian Tire",
        "address": "158 Primeway Drive Welland, Ontario, L3B 0A1",
        "phone": "(905) 732-7501",
        "website": "https://www.canadiantire.ca",
        "image": "canadiantire.webp",
        "membershipLevel": "Bronze",
        "additionalInfo": "Retail company"
    },
    {
        "name": "Niagara College",
        "address": "100 Niagara College Blvd, Welland, ON L3C 7L3",
        "phone": "(905) 735-2211",
        "website": "https://www.niagaracollege.ca",
        "image": "niagaracollege.webp",
        "membershipLevel": "Bronze",
        "additionalInfo": "Institution"
    },
    {
        "name": "KFC",
        "address": "KFC, 815 Ontario Rd, Welland, ON L3B 5V6",
        "phone": "(905) 732-7894",
        "website": "https://www.kfc.ca",
        "image": "kfc.webp",
        "membershipLevel": "Bronze",
        "additionalInfo": "Fast food restaurant chain"
    },
    {
        "name": "Winners",
        "address": "987 Pine St, Yetanothertown, USA",
        "phone": "1 (800) 646-9466",
        "website": "https://www.winners.ca",
        "image": "winners.webp",
        "membershipLevel": "Bronze",
        "additionalInfo": "Chain"
    }
]